{"base_lr": 0.0001, "lr": 0.0001, "data_time": 0.0045500993728637695, "grad_norm": 132.44144561767578, "loss": 10.539384479522704, "loss_cls": 1.0547679257392883, "loss_bbox": 1.3915750813484191, "loss_iou": 1.0213847225904464, "d0.loss_cls": 1.0738878667354583, "d0.loss_bbox": 1.466364438533783, "d0.loss_iou": 1.0396497803926468, "d1.loss_cls": 1.0626905703544616, "d1.loss_bbox": 1.4085647082328796, "d1.loss_iou": 1.0204992830753326, "time": 0.16527527809143067, "epoch": 1, "iter": 1400, "memory": 6278, "_timestamp": 1692212485.3294537, "_runtime": 242.34689164161682, "_step": 27, "_wandb": {"runtime": 247}}