{"base_lr": 0.0001, "lr": 0.0001, "data_time": 0.004941458702087402, "grad_norm": 143.53876358032227, "loss": 24.004666061401366, "loss_cls": 1.3102054214477539, "loss_bbox": 1.6500641560554505, "loss_iou": 1.1158032631874084, "d0.loss_cls": 1.343095028400421, "d0.loss_bbox": 1.5697443890571594, "d0.loss_iou": 1.0809380102157593, "d1.loss_cls": 1.3399212098121642, "d1.loss_bbox": 1.5481341183185577, "d1.loss_iou": 1.0881874960660936, "d2.loss_cls": 1.3220763218402862, "d2.loss_bbox": 1.503700588941574, "d2.loss_iou": 1.0843050187826158, "d3.loss_cls": 1.3372096931934356, "d3.loss_bbox": 1.5790144729614257, "d3.loss_iou": 1.113387144804001, "d4.loss_cls": 1.3193000614643098, "d4.loss_bbox": 1.5811178958415986, "d4.loss_iou": 1.1184620928764344, "time": 0.22047959327697753, "epoch": 1, "iter": 1400, "memory": 9020, "_timestamp": 1692071283.9550347, "_runtime": 314.9567058086395, "_step": 27, "_wandb": {"runtime": 320}}