{"base_lr": 1e-05, "lr": 1e-05, "data_time": 0.005690736770629883, "grad_norm": 140.06209297180175, "loss": 3.995719263553619, "loss_cls": 0.3827272284030914, "loss_bbox": 0.4313787204027176, "loss_iou": 0.41593146704137324, "d0.loss_cls": 0.40602896481752393, "d0.loss_bbox": 0.5451316389441491, "d0.loss_iou": 0.5036257302761078, "d1.loss_cls": 0.3939330491423607, "d1.loss_bbox": 0.4695545494556427, "d1.loss_iou": 0.44740791276097297, "time": 0.1757277536392212, "epoch": 148, "iter": 211210, "memory": 6303, "_timestamp": 1692120119.877121, "_runtime": 48556.52729392052, "_step": 4282, "pascal_voc/mAP": 0.06394042819738388, "pascal_voc/AP50": 0.064, "_wandb": {"runtime": 48560}}