{"base_lr": 1e-05, "lr": 1e-05, "data_time": 0.001973862096365481, "grad_norm": 150.82972457885742, "loss": 4.427412853240967, "loss_cls": 0.17884452037513257, "loss_bbox": 0.262797600030899, "loss_iou": 0.25578367203474045, "d0.loss_cls": 0.2481142158806324, "d0.loss_bbox": 0.26084398180246354, "d0.loss_iou": 0.26255772083997725, "d1.loss_cls": 0.23629789382219316, "d1.loss_bbox": 0.26448227316141126, "d1.loss_iou": 0.2567854228615761, "d2.loss_cls": 0.24264556482434274, "d2.loss_bbox": 0.2515220293402672, "d2.loss_iou": 0.24551483795046805, "d3.loss_cls": 0.20714300714433193, "d3.loss_bbox": 0.2635489308834076, "d3.loss_iou": 0.2600252315402031, "d4.loss_cls": 0.1975286041200161, "d4.loss_bbox": 0.2662937569618225, "d4.loss_iou": 0.26668365761637686, "time": 0.033901963248680105, "epoch": 300, "iter": 428970, "memory": 6807, "_timestamp": 1692455873.4980779, "_runtime": 123333.25746679306, "_step": 8699, "pascal_voc/mAP": 0.5172813534736633, "pascal_voc/AP50": 0.517, "_wandb": {"runtime": 123332}}