{"base_lr": 0.0001, "lr": 0.0001, "data_time": 0.00196436570347931, "grad_norm": 142.1932485961914, "loss": 9.78689905166626, "loss_cls": 0.5394930958747863, "loss_bbox": 0.5798765754699707, "loss_iou": 0.49359503380954267, "d0.loss_cls": 0.5830908596515656, "d0.loss_bbox": 0.6202769406139851, "d0.loss_iou": 0.5241572058200836, "d1.loss_cls": 0.5607405835390091, "d1.loss_bbox": 0.5828856331110001, "d1.loss_iou": 0.5082592077553272, "d2.loss_cls": 0.5449395716190338, "d2.loss_bbox": 0.5811561875045299, "d2.loss_iou": 0.50327999740839, "d3.loss_cls": 0.5489543917775154, "d3.loss_bbox": 0.559255360364914, "d3.loss_iou": 0.47724371038377283, "d4.loss_cls": 0.5385084718465805, "d4.loss_bbox": 0.5587773883342743, "d4.loss_iou": 0.48240887477993966, "time": 0.03449130107396418, "epoch": 50, "iter": 71470, "memory": 9066, "_timestamp": 1691959807.4074512, "_runtime": 20892.923284053802, "_step": 1449, "pascal_voc/mAP": 0.1231226697564125, "pascal_voc/AP50": 0.123, "_wandb": {"runtime": 20892}}