{"base_lr": 0.0001, "lr": 0.0001, "data_time": 0.02220454216003418, "grad_norm": 90.2349974822998, "loss": 12.253770523071289, "loss_cls": 0.7357095164060593, "loss_bbox": 3.663900918960571, "loss_iou": 1.7417772865295411, "d0.loss_cls": 0.7439628320932389, "d0.loss_bbox": 3.6435659551620483, "d0.loss_iou": 1.7248538875579833, "time": 0.2045780086517334, "epoch": 1, "iter": 50, "memory": 5176, "step": 50}
