{"base_lr": 0.0001, "lr": 0.0001, "data_time": 0.00357490970242408, "grad_norm": 61.71669891357422, "loss": 3.4755873823165895, "loss_cls": 0.5150820577144622, "loss_bbox": 0.5997105240821838, "loss_iou": 0.5384443297982215, "d0.loss_cls": 0.5532617694139481, "d0.loss_bbox": 0.6701025933027267, "d0.loss_iou": 0.5989861050248146, "time": 0.054329272403075585, "epoch": 50, "iter": 71470, "memory": 5572, "_timestamp": 1691894981.2560792, "_runtime": 14828.2423350811, "_step": 1449, "pascal_voc/mAP": 0.1013207882642746, "pascal_voc/AP50": 0.101, "_wandb": {"runtime": 14827}}