{"base_lr": 0.0001, "lr": 0.0001, "data_time": 0.00887734889984131, "grad_norm": 117.40411964416504, "loss": 37.195958938598636, "loss_cls": 0.9467511141300201, "loss_bbox": 3.5975700187683106, "loss_iou": 1.6445488953590393, "d0.loss_cls": 0.9539593303203583, "d0.loss_bbox": 3.6289383506774904, "d0.loss_iou": 1.644818866252899, "d1.loss_cls": 0.9448078572750092, "d1.loss_bbox": 3.6088380146026613, "d1.loss_iou": 1.6470260739326477, "d2.loss_cls": 0.9471573495864868, "d2.loss_bbox": 3.605794267654419, "d2.loss_iou": 1.63634015083313, "d3.loss_cls": 0.9500232636928558, "d3.loss_bbox": 3.602358603477478, "d3.loss_iou": 1.6324935817718507, "d4.loss_cls": 0.9484261929988861, "d4.loss_bbox": 3.6091790056228636, "d4.loss_iou": 1.6469289755821228, "time": 0.23484856128692627, "epoch": 1, "iter": 50, "memory": 6651, "_timestamp": 1691938872.9433095, "_runtime": 20.628511428833008, "_step": 0, "_wandb": {"runtime": 22}}