{"base_lr": 0.0001, "lr": 0.0001, "data_time": 0.005291733741760254, "grad_norm": 37.5386047744751, "loss": 5.277811641693115, "loss_cls": 0.744966527223587, "loss_bbox": 1.0727395939826965, "loss_iou": 0.8448846232891083, "d0.loss_cls": 0.7548317503929138, "d0.loss_bbox": 1.0392665338516236, "d0.loss_iou": 0.8211226153373719, "time": 0.2620841598510742, "epoch": 2, "iter": 2030, "memory": 13021, "_timestamp": 1692784760.079981, "_runtime": 640.3406159877777, "_step": 40, "pascal_voc/mAP": 0.011160129681229591, "pascal_voc/AP50": 0.011, "_wandb": {"runtime": 645}}