{"base_lr": 0.0001, "lr": 0.0001, "data_time": 0.006010441780090332, "grad_norm": 8581.0939453125, "loss": 22.594441833496095, "loss_cls": 0.5473971951007843, "loss_bbox": 1.0366087359189988, "loss_iou": 0.8471966761350632, "d0.loss_cls": 0.5576242613792419, "d0.loss_bbox": 1.0628487610816955, "d0.loss_iou": 0.9069430595636367, "d1.loss_cls": 0.547801964879036, "d1.loss_bbox": 1.134961075782776, "d1.loss_iou": 0.9196467298269272, "d2.loss_cls": 0.553791099190712, "d2.loss_bbox": 1.0874991774559022, "d2.loss_iou": 0.9156423342227936, "d3.loss_cls": 0.559589011669159, "d3.loss_bbox": 1.0535875797271728, "d3.loss_iou": 0.8429273563623428, "d4.loss_cls": 0.556421793103218, "d4.loss_bbox": 1.047549062371254, "d4.loss_iou": 0.8877028411626816, "d5.loss_cls": 0.5456768107414246, "d5.loss_bbox": 1.0850569432973862, "d5.loss_iou": 0.8717737501859665, "d6.loss_cls": 0.5452112084627152, "d6.loss_bbox": 1.1223218882083892, "d6.loss_iou": 0.896170226931572, "d7.loss_cls": 0.5488475781679153, "d7.loss_bbox": 1.0618262565135956, "d7.loss_iou": 0.8518181228637696, "time": 0.26168266296386716, "epoch": 88, "iter": 125360, "memory": 7330, "_timestamp": 1692211079.1454113, "_runtime": 41211.88695335388, "_step": 2541, "pascal_voc/mAP": 6.764069439668674e-06, "pascal_voc/AP50": 0.0, "_wandb": {"runtime": 41220}}