{"base_lr": 1e-05, "lr": 1e-05, "data_time": 0.005494356155395508, "grad_norm": 2448.050969848633, "loss": 12.989474773406982, "loss_cls": 0.5162813076376915, "loss_bbox": 0.8856868052482605, "loss_iou": 0.7301441693305969, "d0.loss_cls": 0.5258839404582978, "d0.loss_bbox": 0.8765108674764633, "d0.loss_iou": 0.7272787672281266, "d1.loss_cls": 0.5247411459684372, "d1.loss_bbox": 0.9131007266044616, "d1.loss_iou": 0.7412756693363189, "d2.loss_cls": 0.5259080028533936, "d2.loss_bbox": 0.9429134505987168, "d2.loss_iou": 0.7748778706789017, "d3.loss_cls": 0.5239420914649964, "d3.loss_bbox": 0.9314402568340302, "d3.loss_iou": 0.7436806702613831, "d4.loss_cls": 0.5237604248523712, "d4.loss_bbox": 0.86414157807827, "d4.loss_iou": 0.7179068541526794, "time": 0.21152451515197754, "epoch": 123, "iter": 175460, "memory": 7485, "_timestamp": 1692169692.2680283, "_runtime": 49352.872808218, "_step": 3557, "pascal_voc/mAP": 0.008146557956933975, "pascal_voc/AP50": 0.008, "_wandb": {"runtime": 49353}}