{"base_lr": 0.0001, "lr": 0.0001, "data_time": 0.005546112060546875, "grad_norm": 99.14736755371094, "loss": 14.041059207916259, "loss_cls": 0.5856891894340515, "loss_bbox": 0.9896234631538391, "loss_iou": 0.7792954754829406, "d0.loss_cls": 0.5717990952730179, "d0.loss_bbox": 0.9724489724636078, "d0.loss_iou": 0.7940682250261307, "d1.loss_cls": 0.5860197520256043, "d1.loss_bbox": 0.9699048113822937, "d1.loss_iou": 0.7928918439149857, "d2.loss_cls": 0.586292399764061, "d2.loss_bbox": 0.9789888477325439, "d2.loss_iou": 0.7624757140874863, "d3.loss_cls": 0.57487877368927, "d3.loss_bbox": 0.9646328639984131, "d3.loss_iou": 0.7782026964426041, "d4.loss_cls": 0.5734428435564041, "d4.loss_bbox": 0.9871379625797272, "d4.loss_iou": 0.7932665181159974, "time": 0.22383522510528564, "epoch": 24, "iter": 33790, "memory": 7693, "_timestamp": 1692070788.8221817, "_runtime": 10072.248576641083, "_step": 684, "pascal_voc/mAP": 0.0003246753476560116, "pascal_voc/AP50": 0.0, "_wandb": {"runtime": 10080}}