{"base_lr": 0.0001, "lr": 0.0001, "data_time": 0.020779500007629393, "grad_norm": 103.78648765563965, "loss": 12.253852128982544, "loss_cls": 0.8047614914178848, "loss_bbox": 3.6129259490966796, "loss_iou": 1.7150238800048827, "d0.loss_cls": 0.8045133179426194, "d0.loss_bbox": 3.6091862297058106, "d0.loss_iou": 1.7074411797523499, "time": 0.20697785377502442, "epoch": 1, "iter": 50, "memory": 5434, "step": 50}
{"base_lr": 0.0001, "lr": 0.0001, "data_time": 0.006592426300048828, "grad_norm": 131.26718826293944, "loss": 10.755268802642822, "loss_cls": 0.7104309982061386, "loss_bbox": 3.1085655903816223, "loss_iou": 1.6195056223869324, "d0.loss_cls": 0.7020379948616028, "d0.loss_bbox": 3.015732855796814, "d0.loss_iou": 1.5989957880973815, "time": 0.1666953992843628, "epoch": 1, "iter": 100, "memory": 5410, "step": 100}
