{"base_lr": 0.0001, "lr": 0.0001, "data_time": 0.023861331939697264, "grad_norm": 89.64105361938476, "loss": 12.217419166564941, "loss_cls": 0.7789399075508118, "loss_bbox": 3.609060192108154, "loss_iou": 1.7161957144737243, "d0.loss_cls": 0.8004433929920196, "d0.loss_bbox": 3.5914622735977173, "d0.loss_iou": 1.7213176989555359, "time": 0.20300819873809814, "epoch": 1, "iter": 50, "memory": 6464, "step": 50}
{"base_lr": 0.0001, "lr": 0.0001, "data_time": 0.0045348691940307615, "grad_norm": 101.75856384277344, "loss": 10.466822547912598, "loss_cls": 0.670226382613182, "loss_bbox": 3.0504533576965334, "loss_iou": 1.5275463461875916, "d0.loss_cls": 0.6777449452877045, "d0.loss_bbox": 2.9945013189315794, "d0.loss_iou": 1.5463501596450806, "time": 0.15691135406494142, "epoch": 1, "iter": 100, "memory": 5441, "step": 100}
