{"base_lr": 0.0001, "lr": 0.0001, "data_time": 0.01247394561767578, "grad_norm": 156.6806312561035, "loss": 37.86909973144531, "loss_cls": 1.0227689838409424, "loss_bbox": 3.567011318206787, "loss_iou": 1.691871666908264, "d0.loss_cls": 1.0850786352157593, "d0.loss_bbox": 3.5577225351333617, "d0.loss_iou": 1.6938493871688842, "d1.loss_cls": 1.047781366109848, "d1.loss_bbox": 3.5767344856262206, "d1.loss_iou": 1.6954359698295594, "d2.loss_cls": 1.045420161485672, "d2.loss_bbox": 3.564077000617981, "d2.loss_iou": 1.699097502231598, "d3.loss_cls": 1.0529450511932372, "d3.loss_bbox": 3.5653290128707886, "d3.loss_iou": 1.6988568806648254, "d4.loss_cls": 1.0318056643009186, "d4.loss_bbox": 3.5686405229568483, "d4.loss_iou": 1.7046740746498108, "time": 0.2446111583709717, "epoch": 1, "iter": 50, "memory": 6180, "step": 50}
{"base_lr": 0.0001, "lr": 0.0001, "data_time": 0.005515666007995606, "grad_norm": 209.18264739990235, "loss": 36.45693145751953, "loss_cls": 0.9370108723640442, "loss_bbox": 3.421942653656006, "loss_iou": 1.7022466778755188, "d0.loss_cls": 0.9486807072162629, "d0.loss_bbox": 3.43118155002594, "d0.loss_iou": 1.6882752132415773, "d1.loss_cls": 0.9329578101634979, "d1.loss_bbox": 3.464430260658264, "d1.loss_iou": 1.7092208027839662, "d2.loss_cls": 0.9482821226119995, "d2.loss_bbox": 3.4064589500427247, "d2.loss_iou": 1.7010154986381532, "d3.loss_cls": 0.9445889830589295, "d3.loss_bbox": 3.4336581659317016, "d3.loss_iou": 1.7016522598266601, "d4.loss_cls": 0.927128610610962, "d4.loss_bbox": 3.4525223350524903, "d4.loss_iou": 1.7056774306297302, "time": 0.2228947114944458, "epoch": 1, "iter": 100, "memory": 6972, "step": 100}
{"base_lr": 0.0001, "lr": 0.0001, "data_time": 0.004734711647033691, "grad_norm": 301.529479675293, "loss": 32.76633781433105, "loss_cls": 0.952447600364685, "loss_bbox": 2.8758160972595217, "loss_iou": 1.5824620890617371, "d0.loss_cls": 0.955356068611145, "d0.loss_bbox": 3.0529065465927125, "d0.loss_iou": 1.6005889868736267, "d1.loss_cls": 0.9269360375404357, "d1.loss_bbox": 2.975916051864624, "d1.loss_iou": 1.60407754778862, "d2.loss_cls": 0.9530618035793305, "d2.loss_bbox": 2.903740179538727, "d2.loss_iou": 1.5716431617736817, "d3.loss_cls": 0.9482367479801178, "d3.loss_bbox": 2.896021046638489, "d3.loss_iou": 1.5681772232055664, "d4.loss_cls": 0.9490162897109985, "d4.loss_bbox": 2.872796878814697, "d4.loss_iou": 1.5771372926235199, "time": 0.21208651542663573, "epoch": 1, "iter": 150, "memory": 7148, "step": 150}
