{"base_lr": 0.0001, "lr": 0.0001, "data_time": 0.004969043731689453, "grad_norm": 281.3299481201172, "loss": 17.808659553527832, "loss_cls": 0.8331811213493348, "loss_bbox": 1.260092705488205, "loss_iou": 0.9500993907451629, "d0.loss_cls": 0.8385770851373673, "d0.loss_bbox": 1.2008060801029206, "d0.loss_iou": 0.9121023225784302, "d1.loss_cls": 0.8447313159704208, "d1.loss_bbox": 1.1932302582263947, "d1.loss_iou": 0.9544366270303726, "d2.loss_cls": 0.8390595477819442, "d2.loss_bbox": 1.1884434258937835, "d2.loss_iou": 0.919827726483345, "d3.loss_cls": 0.833661744594574, "d3.loss_bbox": 1.1931443583965302, "d3.loss_iou": 0.9204179584980011, "d4.loss_cls": 0.8375836718082428, "d4.loss_bbox": 1.1747074794769288, "d4.loss_iou": 0.9145568454265595, "time": 0.2294199275970459, "epoch": 2, "iter": 1580, "memory": 8519, "_timestamp": 1692003488.1845229, "_runtime": 476.2274467945099, "_step": 31, "pascal_voc/mAP": 1.657866596360691e-05, "pascal_voc/AP50": 0.0}