{"base_lr": 0.0001, "lr": 0.0001, "data_time": 0.005446944236755371, "grad_norm": 125.74837585449218, "loss": 9.85105752468109, "loss_cls": 0.5239759707450866, "loss_bbox": 0.5642269849777222, "loss_iou": 0.5033667308092117, "d0.loss_cls": 0.5753971481323242, "d0.loss_bbox": 0.6459314984083175, "d0.loss_iou": 0.5481817170977592, "d1.loss_cls": 0.5599955850839615, "d1.loss_bbox": 0.6107138657569885, "d1.loss_iou": 0.5279691492021084, "d2.loss_cls": 0.5549906271696091, "d2.loss_bbox": 0.5625304311513901, "d2.loss_iou": 0.5001081539690495, "d3.loss_cls": 0.5451625150442123, "d3.loss_bbox": 0.5513207569718361, "d3.loss_iou": 0.4978710646927357, "d4.loss_cls": 0.5309595003724098, "d4.loss_bbox": 0.5503998756408691, "d4.loss_iou": 0.4979559563100338, "time": 0.21921815395355224, "epoch": 44, "iter": 62640, "memory": 7610, "_timestamp": 1692021358.401884, "_runtime": 18346.444808006287, "_step": 1269, "pascal_voc/mAP": 0.10931684076786041, "pascal_voc/AP50": 0.109}