{"base_lr": 1e-05, "lr": 1e-05, "data_time": 0.0019870688323503174, "grad_norm": 282.4420549011231, "loss": 3.5811715650558473, "loss_cls": 0.38522298008203504, "loss_bbox": 0.37789377331733703, "loss_iou": 0.34922599703073504, "d0.loss_cls": 0.4230813899636269, "d0.loss_bbox": 0.47001154720783234, "d0.loss_iou": 0.42093425780534743, "d1.loss_cls": 0.3859315103292465, "d1.loss_bbox": 0.39951801985502244, "d1.loss_iou": 0.3693521022796631, "time": 0.03091938070853142, "epoch": 300, "iter": 428970, "memory": 5953, "_timestamp": 1692317915.9863791, "_runtime": 105030.24289226532, "_step": 8699, "pascal_voc/mAP": 0.14713813364505768, "pascal_voc/AP50": 0.147, "_wandb": {"runtime": 105029}}