{"base_lr": 0.0001, "lr": 0.0001, "data_time": 0.01076493740081787, "grad_norm": 16.466868581771852, "loss": 12.391489992141723, "loss_cls": 0.9586666935682296, "loss_bbox": 3.6357475090026856, "loss_iou": 1.626341792345047, "d0.loss_cls": 0.9930710154771805, "d0.loss_bbox": 3.5711920928955077, "d0.loss_iou": 1.6064709067344665, "time": 0.26449893951416015, "epoch": 1, "iter": 50, "memory": 10104, "step": 50}
{"base_lr": 0.0001, "lr": 0.0001, "data_time": 0.0045081663131713865, "grad_norm": 24.341052646636964, "loss": 9.980542325973511, "loss_cls": 0.898153235912323, "loss_bbox": 2.8367552399635314, "loss_iou": 1.312511179447174, "d0.loss_cls": 0.891065981388092, "d0.loss_bbox": 2.7446742033958436, "d0.loss_iou": 1.2973823976516723, "time": 0.22829505920410156, "epoch": 1, "iter": 100, "memory": 10505, "step": 100}
{"base_lr": 0.0001, "lr": 0.0001, "data_time": 0.005197439193725586, "grad_norm": 35.57341526031494, "loss": 7.369396839141846, "loss_cls": 0.8580161094665527, "loss_bbox": 1.7412423944473268, "loss_iou": 1.071808454990387, "d0.loss_cls": 0.862850958108902, "d0.loss_bbox": 1.772134292125702, "d0.loss_iou": 1.0633446836471558, "time": 0.2310757350921631, "epoch": 1, "iter": 150, "memory": 10192, "step": 150}
{"base_lr": 0.0001, "lr": 0.0001, "data_time": 0.004866447448730469, "grad_norm": 36.14915115356445, "loss": 7.100775594711304, "loss_cls": 0.9221801716089248, "loss_bbox": 1.5994020009040832, "loss_iou": 1.0542411732673644, "d0.loss_cls": 0.9001868081092834, "d0.loss_bbox": 1.5813692200183869, "d0.loss_iou": 1.0433962416648865, "time": 0.2391520357131958, "epoch": 1, "iter": 200, "memory": 10096, "step": 200}
{"base_lr": 0.0001, "lr": 0.0001, "data_time": 0.004650912284851074, "grad_norm": 34.12049598693848, "loss": 7.106991863250732, "loss_cls": 0.9182367062568665, "loss_bbox": 1.5897910189628601, "loss_iou": 1.0522861075401306, "d0.loss_cls": 0.932576789855957, "d0.loss_bbox": 1.5686559391021728, "d0.loss_iou": 1.0454452300071717, "time": 0.2291050958633423, "epoch": 1, "iter": 250, "memory": 11206, "step": 250}
{"base_lr": 0.0001, "lr": 0.0001, "data_time": 0.0048337411880493165, "grad_norm": 33.956262283325195, "loss": 7.136440334320068, "loss_cls": 0.9463685595989227, "loss_bbox": 1.5583155727386475, "loss_iou": 1.073117537498474, "d0.loss_cls": 0.9567512738704681, "d0.loss_bbox": 1.5446382570266723, "d0.loss_iou": 1.057249127626419, "time": 0.23353801250457765, "epoch": 1, "iter": 300, "memory": 9100, "step": 300}
{"base_lr": 0.0001, "lr": 0.0001, "data_time": 0.00479712963104248, "grad_norm": 35.2335273361206, "loss": 6.633454732894897, "loss_cls": 0.8718338763713837, "loss_bbox": 1.410256575345993, "loss_iou": 0.9974266546964645, "d0.loss_cls": 0.8888859879970551, "d0.loss_bbox": 1.448589918613434, "d0.loss_iou": 1.016461707353592, "time": 0.23959217071533204, "epoch": 1, "iter": 350, "memory": 11187, "step": 350}
{"base_lr": 0.0001, "lr": 0.0001, "data_time": 0.004938664436340332, "grad_norm": 37.324365310668945, "loss": 6.724961037635803, "loss_cls": 0.9152825617790222, "loss_bbox": 1.4430009484291078, "loss_iou": 0.9863456809520721, "d0.loss_cls": 0.9095190560817719, "d0.loss_bbox": 1.4734269618988036, "d0.loss_iou": 0.9973857897520065, "time": 0.24220826148986815, "epoch": 1, "iter": 400, "memory": 11865, "step": 400}
{"base_lr": 0.0001, "lr": 0.0001, "data_time": 0.0046436357498168945, "grad_norm": 36.06491539001465, "loss": 6.784661912918091, "loss_cls": 0.8903216469287872, "loss_bbox": 1.5344047474861144, "loss_iou": 1.0312247490882873, "d0.loss_cls": 0.9038729429244995, "d0.loss_bbox": 1.447479476928711, "d0.loss_iou": 0.9773583424091339, "time": 0.23704822540283202, "epoch": 1, "iter": 450, "memory": 9102, "step": 450}
{"base_lr": 0.0001, "lr": 0.0001, "data_time": 0.004869966506958008, "grad_norm": 35.35011917114258, "loss": 6.612992639541626, "loss_cls": 0.9119588708877564, "loss_bbox": 1.4287610864639282, "loss_iou": 0.9909160530567169, "d0.loss_cls": 0.9186891090869903, "d0.loss_bbox": 1.3742926788330079, "d0.loss_iou": 0.988374810218811, "time": 0.24076499462127685, "epoch": 1, "iter": 500, "memory": 9861, "step": 500}
{"base_lr": 0.0001, "lr": 0.0001, "data_time": 0.004369115829467774, "grad_norm": 35.0328031539917, "loss": 6.143553409576416, "loss_cls": 0.8532332044839859, "loss_bbox": 1.286439473628998, "loss_iou": 0.9344849747419357, "d0.loss_cls": 0.8483744829893112, "d0.loss_bbox": 1.3093285822868348, "d0.loss_iou": 0.9116927123069763, "time": 0.2381972360610962, "epoch": 1, "iter": 550, "memory": 9102, "step": 550}
{"base_lr": 0.0001, "lr": 0.0001, "data_time": 0.0046175956726074215, "grad_norm": 35.33600540161133, "loss": 6.3557978534698485, "loss_cls": 0.9253100538253785, "loss_bbox": 1.2594938552379609, "loss_iou": 0.9848390889167785, "d0.loss_cls": 0.9382103753089904, "d0.loss_bbox": 1.2749429714679719, "d0.loss_iou": 0.9730014204978943, "time": 0.22706480979919433, "epoch": 1, "iter": 600, "memory": 9735, "step": 600}
{"base_lr": 0.0001, "lr": 0.0001, "data_time": 0.004591279029846192, "grad_norm": 36.386126365661625, "loss": 6.018523936271667, "loss_cls": 0.8457790517807007, "loss_bbox": 1.2347373354434967, "loss_iou": 0.9223511499166489, "d0.loss_cls": 0.848561784029007, "d0.loss_bbox": 1.2497504293918609, "d0.loss_iou": 0.9173442190885543, "time": 0.23925576686859132, "epoch": 1, "iter": 650, "memory": 9101, "step": 650}
{"base_lr": 0.0001, "lr": 0.0001, "data_time": 0.004731607437133789, "grad_norm": 35.997279777526856, "loss": 6.4873048067092896, "loss_cls": 0.9126829385757447, "loss_bbox": 1.3322169446945191, "loss_iou": 1.015892555117607, "d0.loss_cls": 0.9160902929306031, "d0.loss_bbox": 1.3134399735927582, "d0.loss_iou": 0.9969820606708527, "time": 0.2551237440109253, "epoch": 1, "iter": 700, "memory": 11491, "step": 700}
{"base_lr": 0.0001, "lr": 0.0001, "data_time": 0.004468564987182617, "grad_norm": 33.46374355316162, "loss": 6.4276922416687015, "loss_cls": 0.8993381971120834, "loss_bbox": 1.3454551887512207, "loss_iou": 1.060697226524353, "d0.loss_cls": 0.8995371788740159, "d0.loss_bbox": 1.2505790460109711, "d0.loss_iou": 0.9720854204893112, "time": 0.2369028663635254, "epoch": 1, "iter": 750, "memory": 10200, "step": 750}
{"base_lr": 0.0001, "lr": 0.0001, "data_time": 0.004922986030578613, "grad_norm": 35.832122001647946, "loss": 6.300746698379516, "loss_cls": 0.877301419377327, "loss_bbox": 1.2606769323348999, "loss_iou": 0.9907143831253051, "d0.loss_cls": 0.9045487272739411, "d0.loss_bbox": 1.2692802381515502, "d0.loss_iou": 0.9982250165939331, "time": 0.25720221519470216, "epoch": 1, "iter": 800, "memory": 9863, "step": 800}
{"base_lr": 0.0001, "lr": 0.0001, "data_time": 0.005032329559326172, "grad_norm": 36.363527603149414, "loss": 6.252677249908447, "loss_cls": 0.8783591210842132, "loss_bbox": 1.3353943359851836, "loss_iou": 1.031281784772873, "d0.loss_cls": 0.8643749290704728, "d0.loss_bbox": 1.2077051424980163, "d0.loss_iou": 0.9355619275569915, "time": 0.2547657299041748, "epoch": 1, "iter": 850, "memory": 10363, "step": 850}
{"base_lr": 0.0001, "lr": 0.0001, "data_time": 0.005071172714233399, "grad_norm": 35.77165496826172, "loss": 5.697481303215027, "loss_cls": 0.868728324174881, "loss_bbox": 1.1149583196640014, "loss_iou": 0.8500631773471832, "d0.loss_cls": 0.8723052847385406, "d0.loss_bbox": 1.1327460181713105, "d0.loss_iou": 0.8586801594495773, "time": 0.2451418924331665, "epoch": 1, "iter": 900, "memory": 10130, "step": 900}
{"base_lr": 0.0001, "lr": 0.0001, "data_time": 0.005016336441040039, "grad_norm": 36.393663291931155, "loss": 6.056527423858642, "loss_cls": 0.8826758480072021, "loss_bbox": 1.2141716182231903, "loss_iou": 0.9730108052492141, "d0.loss_cls": 0.8969826233386994, "d0.loss_bbox": 1.1639640545845031, "d0.loss_iou": 0.9257224488258362, "time": 0.2484896183013916, "epoch": 1, "iter": 950, "memory": 9489, "step": 950}
{"base_lr": 0.0001, "lr": 0.0001, "data_time": 0.004574728012084961, "grad_norm": 37.11044185638428, "loss": 6.165414118766785,