{"base_lr": 0.0001, "lr": 0.0001, "data_time": 0.004627866744995117, "grad_norm": 204.05322830200194, "loss": 17.622964210510254, "loss_cls": 0.6749109035730362, "loss_bbox": 1.3167387318611146, "loss_iou": 1.0133974981307983, "d0.loss_cls": 0.6888382947444915, "d0.loss_bbox": 1.3024016344547271, "d0.loss_iou": 0.9737025201320648, "d1.loss_cls": 0.6955637222528458, "d1.loss_bbox": 1.2242669141292573, "d1.loss_iou": 0.9705119836330414, "d2.loss_cls": 0.6928565311431885, "d2.loss_bbox": 1.222993975877762, "d2.loss_iou": 0.952425634264946, "d3.loss_cls": 0.6872765392065048, "d3.loss_bbox": 1.2774436175823212, "d3.loss_iou": 0.9774370002746582, "d4.loss_cls": 0.6886406105756759, "d4.loss_bbox": 1.2742171227931975, "d4.loss_iou": 0.9893408352136612, "time": 0.2206878423690796, "epoch": 1, "iter": 1400, "memory": 7927, "_timestamp": 1692060083.5918345, "_runtime": 323.89428663253784, "_step": 27, "_wandb": {"runtime": 431}}