{"base_lr": 0.0001, "lr": 0.0001, "data_time": 0.006291718482971192, "grad_norm": 142.12551147460937, "loss": 11.524006595611572, "loss_cls": 0.6138629120588303, "loss_bbox": 0.6434729841351509, "loss_iou": 0.5658614736795425, "d0.loss_cls": 0.6613306719064712, "d0.loss_bbox": 0.7345977175235748, "d0.loss_iou": 0.6401181453466416, "d1.loss_cls": 0.6347321534156799, "d1.loss_bbox": 0.740703341960907, "d1.loss_iou": 0.6275745978951455, "d2.loss_cls": 0.6292640966176987, "d2.loss_bbox": 0.6930347454547882, "d2.loss_iou": 0.5970948553085327, "d3.loss_cls": 0.6207673901319504, "d3.loss_bbox": 0.6749135926365852, "d3.loss_iou": 0.5853649926185608, "d4.loss_cls": 0.613654180765152, "d4.loss_bbox": 0.6715909963846207, "d4.loss_iou": 0.5760678076744079, "time": 0.24870022296905517, "epoch": 41, "iter": 58600, "memory": 6972, "_timestamp": 1691994983.2097945, "_runtime": 17631.423998594284, "_step": 1187, "pascal_voc/mAP": 0.06748587638139725, "pascal_voc/AP50": 0.067}