{"base_lr": 0.0001, "lr": 0.0001, "data_time": 0.0042631769180297855, "grad_norm": 269.840418548584, "loss": 10.534696865081788, "loss_cls": 0.9038605046272278, "loss_bbox": 1.4792855417728423, "loss_iou": 1.1384566301107406, "d0.loss_cls": 0.9037957417964936, "d0.loss_bbox": 1.4727921712398528, "d0.loss_iou": 1.128413714170456, "d1.loss_cls": 0.903650757074356, "d1.loss_bbox": 1.4784539365768432, "d1.loss_iou": 1.1259879100322723, "time": 0.1734449052810669, "epoch": 1, "iter": 1400, "memory": 5423, "_timestamp": 1692777903.0607982, "_runtime": 258.8087592124939, "_step": 27, "_wandb": {"runtime": 263}}