{"base_lr": 1e-05, "lr": 1e-05, "data_time": 0.003494385422789731, "grad_norm": 140.90918975830078, "loss": 5.447143130302429, "loss_cls": 0.2461701417900622, "loss_bbox": 0.2646099904179573, "loss_iou": 0.2780324104428291, "d0.loss_cls": 0.4489655192196369, "d0.loss_bbox": 0.41284060567617414, "d0.loss_iou": 0.3929732200503349, "d1.loss_cls": 0.31992500871419904, "d1.loss_bbox": 0.3171333882212639, "d1.loss_iou": 0.30668002635240554, "d2.loss_cls": 0.28273258849978444, "d2.loss_bbox": 0.2898139825463295, "d2.loss_iou": 0.2856207950413227, "d3.loss_cls": 0.2526829179748893, "d3.loss_bbox": 0.27155704706907274, "d3.loss_iou": 0.2804310728609562, "d4.loss_cls": 0.2482268820144236, "d4.loss_bbox": 0.2709049078822136, "d4.loss_iou": 0.27784261628985407, "time": 0.0689093151891076, "epoch": 50, "iter": 71470, "memory": 9309, "_timestamp": 1691932028.9608605, "_runtime": 24575.69834637642, "_step": 1449, "pascal_voc/mAP": 0.639250636100769, "pascal_voc/AP50": 0.639, "_wandb": {"runtime": 24575}}