{"base_lr": 0.0001, "lr": 0.0001, "data_time": 0.004859232902526855, "grad_norm": 147.5829264831543, "loss": 24.343706550598146, "loss_cls": 1.3171467661857605, "loss_bbox": 1.6163064157962799, "loss_iou": 1.105473392009735, "d0.loss_cls": 1.3199765360355378, "d0.loss_bbox": 1.6593712592124938, "d0.loss_iou": 1.128505654335022, "d1.loss_cls": 1.3095239663124085, "d1.loss_bbox": 1.6508948373794556, "d1.loss_iou": 1.0557466781139373, "d2.loss_cls": 1.31047891497612, "d2.loss_bbox": 1.7387346935272217, "d2.loss_iou": 1.0910864436626435, "d3.loss_cls": 1.3355543088912964, "d3.loss_bbox": 1.6236314535140992, "d3.loss_iou": 1.0832616901397705, "d4.loss_cls": 1.3372247588634492, "d4.loss_bbox": 1.566388530731201, "d4.loss_iou": 1.0943999075889588, "time": 0.22408329486846923, "epoch": 1, "iter": 1400, "memory": 7620, "_timestamp": 1692059372.5314734, "_runtime": 319.4009644985199, "_step": 27, "_wandb": {"runtime": 325}}