{"base_lr": 0.0001, "lr": 0.0001, "data_time": 0.00362742004446895, "grad_norm": 133.9989990234375, "loss": 2.349363181591034, "loss_cls": 0.6829409247636795, "loss_bbox": 0.9308327746391296, "loss_iou": 0.7355894941091538, "time": 0.05202439621694299, "epoch": 50, "iter": 71470, "memory": 4578, "_timestamp": 1691867556.9978607, "_runtime": 13279.24573469162, "_step": 1449, "pascal_voc/mAP": 0.08616606146097183, "pascal_voc/AP50": 0.086, "_wandb": {"runtime": 13278}}