{"base_lr": 0.0001, "lr": 0.0001, "data_time": 0.004258294105529786, "grad_norm": 106.19138343811035, "loss": 17.07964150428772, "loss_cls": 0.8523404288291931, "loss_bbox": 1.081326322555542, "loss_iou": 0.843807327747345, "d0.loss_cls": 0.8382297188043595, "d0.loss_bbox": 1.0851564583182336, "d0.loss_iou": 0.8151223462820053, "d1.loss_cls": 0.8548918628692627, "d1.loss_bbox": 1.1311052972078324, "d1.loss_iou": 0.9024664503335953, "d2.loss_cls": 0.8572011506557464, "d2.loss_bbox": 1.057827068567276, "d2.loss_iou": 0.8329655748605728, "d3.loss_cls": 0.8631360626220703, "d3.loss_bbox": 1.245664814412594, "d3.loss_iou": 0.930715811252594, "d4.loss_cls": 0.8461310184001922, "d4.loss_bbox": 1.1582976019382476, "d4.loss_iou": 0.8832561314105988, "time": 0.14356806755065918, "epoch": 32, "iter": 88879, "memory": 3550, "_timestamp": 1692037702.1851463, "_runtime": 15424.851960420609, "_step": 1802, "pascal_voc/mAP": 1.1086474842159078e-05, "pascal_voc/AP50": 0.0, "_wandb": {"runtime": 15429}}