{"base_lr": 0.0001, "lr": 0.0001, "data_time": 0.012167844772338867, "grad_norm": 16.382804470062254, "loss": 12.376489238739014, "loss_cls": 0.9697295796871185, "loss_bbox": 3.6386115407943724, "loss_iou": 1.640404031276703, "d0.loss_cls": 0.9688864099979401, "d0.loss_bbox": 3.5447443866729738, "d0.loss_iou": 1.6141132831573486, "time": 0.2702286720275879, "epoch": 1, "iter": 50, "memory": 10890, "step": 50}
{"base_lr": 0.0001, "lr": 0.0001, "data_time": 0.0042878293991088865, "grad_norm": 27.496723079681395, "loss": 9.43003556251526, "loss_cls": 0.9161523807048798, "loss_bbox": 2.5384513664245607, "loss_iou": 1.3012562024593353, "d0.loss_cls": 0.9103608965873718, "d0.loss_bbox": 2.4974116563796995, "d0.loss_iou": 1.2664030301570892, "time": 0.2427655553817749, "epoch": 1, "iter": 100, "memory": 12531, "step": 100}
{"base_lr": 0.0001, "lr": 0.0001, "data_time": 0.004510650634765625, "grad_norm": 35.71416320800781, "loss": 7.468507156372071, "loss_cls": 0.8898708754777909, "loss_bbox": 1.7814018607139588, "loss_iou": 1.076245715022087, "d0.loss_cls": 0.8945789927244187, "d0.loss_bbox": 1.7724994492530823, "d0.loss_iou": 1.053910169005394, "time": 0.24017241477966308, "epoch": 1, "iter": 150, "memory": 10028, "step": 150}
{"base_lr": 0.0001, "lr": 0.0001, "data_time": 0.004711637496948242, "grad_norm": 35.945583457946775, "loss": 7.055350255966187, "loss_cls": 0.9434917593002319, "loss_bbox": 1.5883748483657838, "loss_iou": 1.04021799325943, "d0.loss_cls": 0.9291466009616852, "d0.loss_bbox": 1.566658319234848, "d0.loss_iou": 0.9874607241153717, "time": 0.23042673110961914, "epoch": 1, "iter": 200, "memory": 9397, "step": 200}
{"base_lr": 0.0001, "lr": 0.0001, "data_time": 0.004587368965148926, "grad_norm": 36.34550018310547, "loss": 6.764645509719848, "loss_cls": 0.8818242090940476, "loss_bbox": 1.5341607868671416, "loss_iou": 1.0456362867355347, "d0.loss_cls": 0.8787011003494263, "d0.loss_bbox": 1.445793731212616, "d0.loss_iou": 0.9785293138027191, "time": 0.23973676204681396, "epoch": 1, "iter": 250, "memory": 10395, "step": 250}
{"base_lr": 0.0001, "lr": 0.0001, "data_time": 0.004779715538024903, "grad_norm": 35.38258964538574, "loss": 6.816488304138184, "loss_cls": 0.8533258318901062, "loss_bbox": 1.5336514341831207, "loss_iou": 1.0079863554239272, "d0.loss_cls": 0.8675766205787658, "d0.loss_bbox": 1.5364528238773345, "d0.loss_iou": 1.0174952137470246, "time": 0.23816162109375, "epoch": 1, "iter": 300, "memory": 10013, "step": 300}
{"base_lr": 0.0001, "lr": 0.0001, "data_time": 0.0047647619247436525, "grad_norm": 35.945583267211916, "loss": 6.570330877304077, "loss_cls": 0.8573741579055786, "loss_bbox": 1.456924604177475, "loss_iou": 0.9890740919113159, "d0.loss_cls": 0.8658438849449158, "d0.loss_bbox": 1.431065913438797, "d0.loss_iou": 0.9700482308864593, "time": 0.23463831424713136, "epoch": 1, "iter": 350, "memory": 10326, "step": 350}
{"base_lr": 0.0001, "lr": 0.0001, "data_time": 0.004602122306823731, "grad_norm": 33.793530006408695, "loss": 6.44646550655365, "loss_cls": 0.8732861816883087, "loss_bbox": 1.3994962167739868, "loss_iou": 0.9778347361087799, "d0.loss_cls": 0.8789344191551208, "d0.loss_bbox": 1.3716727495193481, "d0.loss_iou": 0.9452412170171738, "time": 0.23879268169403076, "epoch": 1, "iter": 400, "memory": 10548, "step": 400}
{"base_lr": 0.0001, "lr": 0.0001, "data_time": 0.004489712715148926, "grad_norm": 38.71010967254639, "loss": 6.160437707901001, "loss_cls": 0.8144215661287307, "loss_bbox": 1.327854449748993, "loss_iou": 0.9706489956378936, "d0.loss_cls": 0.8282861649990082, "d0.loss_bbox": 1.2981478250026703, "d0.loss_iou": 0.9210786545276641, "time": 0.24486801147460938, "epoch": 1, "iter": 450, "memory": 9809, "step": 450}
{"base_lr": 0.0001, "lr": 0.0001, "data_time": 0.004538297653198242, "grad_norm": 38.29351886749268, "loss": 6.5827161407470705, "loss_cls": 0.8403890031576157, "loss_bbox": 1.476912145614624, "loss_iou": 1.0308441019058228, "d0.loss_cls": 0.8545794987678528, "d0.loss_bbox": 1.391639040708542, "d0.loss_iou": 0.9883523321151734, "time": 0.24270641803741455, "epoch": 1, "iter": 500, "memory": 11393, "step": 500}
