{"base_lr": 0.0001, "lr": 0.0001, "data_time": 0.004463944435119629, "grad_norm": 390.95094421386716, "loss": 10.231878337860108, "loss_cls": 0.8590840220451355, "loss_bbox": 1.5049414730072022, "loss_iou": 1.0751168847084045, "d0.loss_cls": 0.8605358862876892, "d0.loss_bbox": 1.4815929675102233, "d0.loss_iou": 1.0396251088380815, "d1.loss_cls": 0.8563467013835907, "d1.loss_bbox": 1.4963538098335265, "d1.loss_iou": 1.058281570672989, "time": 0.1798679542541504, "epoch": 1, "iter": 1400, "memory": 5408, "_timestamp": 1692777359.5422416, "_runtime": 265.32945561408997, "_step": 27, "_wandb": {"runtime": 270}}