{"base_lr": 0.0001, "lr": 0.0001, "data_time": 0.021260886192321776, "grad_norm": 76.74141426086426, "loss": 6.390931005477905, "loss_cls": 1.0713024187088012, "loss_bbox": 3.6492164087295533, "loss_iou": 1.6704121613502503, "time": 0.16509660243988036, "epoch": 1, "iter": 50, "memory": 4643, "step": 50}
