{"base_lr": 0.0001, "lr": 0.0001, "data_time": 0.01758134365081787, "grad_norm": 131.14251098632812, "loss": 13.120957679748535, "loss_cls": 1.1089252591133119, "loss_bbox": 3.795393190383911, "loss_iou": 1.6573545002937318, "d0.loss_cls": 1.07752184510231, "d0.loss_bbox": 3.8170847606658938, "d0.loss_iou": 1.6646779537200929, "time": 0.18587607860565186, "epoch": 1, "iter": 50, "memory": 5053, "step": 50}
{"base_lr": 0.0001, "lr": 0.0001, "data_time": 0.00392183780670166, "grad_norm": 104.16547912597656, "loss": 11.86512191772461, "loss_cls": 0.9180265188217163, "loss_bbox": 3.386096396446228, "loss_iou": 1.611492063999176, "d0.loss_cls": 0.9085325717926025, "d0.loss_bbox": 3.415727820396423, "d0.loss_iou": 1.6252466106414796, "time": 0.1375647735595703, "epoch": 1, "iter": 100, "memory": 5544, "step": 100}
