{"base_lr": 0.0001, "lr": 0.0001, "data_time": 0.004734711647033691, "grad_norm": 301.529479675293, "loss": 32.76633781433105, "loss_cls": 0.952447600364685, "loss_bbox": 2.8758160972595217, "loss_iou": 1.5824620890617371, "d0.loss_cls": 0.955356068611145, "d0.loss_bbox": 3.0529065465927125, "d0.loss_iou": 1.6005889868736267, "d1.loss_cls": 0.9269360375404357, "d1.loss_bbox": 2.975916051864624, "d1.loss_iou": 1.60407754778862, "d2.loss_cls": 0.9530618035793305, "d2.loss_bbox": 2.903740179538727, "d2.loss_iou": 1.5716431617736817, "d3.loss_cls": 0.9482367479801178, "d3.loss_bbox": 2.896021046638489, "d3.loss_iou": 1.5681772232055664, "d4.loss_cls": 0.9490162897109985, "d4.loss_bbox": 2.872796878814697, "d4.loss_iou": 1.5771372926235199, "time": 0.21208651542663573, "epoch": 1, "iter": 150, "memory": 7148, "_timestamp": 1691977289.3361826, "_runtime": 43.16298460960388, "_step": 2, "_wandb": {"runtime": 52}}