{"base_lr": 0.0001, "lr": 0.0001, "data_time": 0.004538297653198242, "grad_norm": 38.29351886749268, "loss": 6.5827161407470705, "loss_cls": 0.8403890031576157, "loss_bbox": 1.476912145614624, "loss_iou": 1.0308441019058228, "d0.loss_cls": 0.8545794987678528, "d0.loss_bbox": 1.391639040708542, "d0.loss_iou": 0.9883523321151734, "time": 0.24270641803741455, "epoch": 1, "iter": 500, "memory": 11393, "_timestamp": 1692785572.2624702, "_runtime": 132.35453128814697, "_step": 9}