{"base_lr": 0.0001, "lr": 0.0001, "data_time": 0.01049229621887207, "grad_norm": 103.44227600097656, "loss": 20.360853481292725, "loss_cls": 1.3525610303878783, "loss_bbox": 3.7417597341537476, "loss_iou": 1.6931600427627564, "d0.loss_cls": 1.347426016330719, "d0.loss_bbox": 3.7388569259643556, "d0.loss_iou": 1.7077339100837707, "d1.loss_cls": 1.345921320915222, "d1.loss_bbox": 3.7364107465744016, "d1.loss_iou": 1.6970235741138457, "time": 0.19693408489227296, "epoch": 1, "iter": 50, "memory": 5518, "step": 50}
{"base_lr": 0.0001, "lr": 0.0001, "data_time": 0.004620261192321777, "grad_norm": 91.97607696533203, "loss": 19.949140491485597, "loss_cls": 1.3362371945381164, "loss_bbox": 3.6532717609405516, "loss_iou": 1.704296956062317, "d0.loss_cls": 1.339216216802597, "d0.loss_bbox": 3.5826730346679687, "d0.loss_iou": 1.6781823062896728, "d1.loss_cls": 1.325272135734558, "d1.loss_bbox": 3.6311449909210207, "d1.loss_iou": 1.6988457775115966, "time": 0.16030282020568848, "epoch": 1, "iter": 100, "memory": 6412, "step": 100}
{"base_lr": 0.0001, "lr": 0.0001, "data_time": 0.0046512651443481445, "grad_norm": 161.08019424438476, "loss": 16.76601846694946, "loss_cls": 1.1845415127277374, "loss_bbox": 3.100328266620636, "loss_iou": 1.459422253370285, "d0.loss_cls": 1.181796669960022, "d0.loss_bbox": 2.888808150291443, "d0.loss_iou": 1.37472003698349, "d1.loss_cls": 1.1775247859954834, "d1.loss_bbox": 2.9882252621650696, "d1.loss_iou": 1.4106516540050507, "time": 0.16322487831115723, "epoch": 1, "iter": 150, "memory": 7290, "step": 150}
{"base_lr": 0.0001, "lr": 0.0001, "data_time": 0.004102158546447754, "grad_norm": 222.9802084350586, "loss": 15.402139453887939, "loss_cls": 1.2728175961971282, "loss_bbox": 2.5944053053855898, "loss_iou": 1.3299745666980742, "d0.loss_cls": 1.3347988986968995, "d0.loss_bbox": 2.4397009325027468, "d0.loss_iou": 1.3177522802352906, "d1.loss_cls": 1.2907293677330016, "d1.loss_bbox": 2.5041452717781065, "d1.loss_iou": 1.31781529545784, "time": 0.16368035316467286, "epoch": 1, "iter": 200, "memory": 7535, "step": 200}
{"base_lr": 0.0001, "lr": 0.0001, "data_time": 0.0042015743255615235, "grad_norm": 210.89317764282225, "loss": 13.785180530548097, "loss_cls": 1.2096385657787323, "loss_bbox": 2.18668016910553, "loss_iou": 1.25453129529953, "d0.loss_cls": 1.2285067200660706, "d0.loss_bbox": 2.0712054061889646, "d0.loss_iou": 1.247403946518898, "d1.loss_cls": 1.2132064950466157, "d1.loss_bbox": 2.1128362238407137, "d1.loss_iou": 1.2611716604232788, "time": 0.1653701686859131, "epoch": 1, "iter": 250, "memory": 5950, "step": 250}
{"base_lr": 0.0001, "lr": 0.0001, "data_time": 0.004395818710327149, "grad_norm": 205.3792202758789, "loss": 12.575246610641479, "loss_cls": 1.1609543907642363, "loss_bbox": 1.8561659610271455, "loss_iou": 1.163982496857643, "d0.loss_cls": 1.1796464467048644, "d0.loss_bbox": 1.8169638729095459, "d0.loss_iou": 1.160275980234146, "d1.loss_cls": 1.1796751868724824, "d1.loss_bbox": 1.8616541159152984, "d1.loss_iou": 1.1959282368421555, "time": 0.16347416877746582, "epoch": 1, "iter": 300, "memory": 5849, "step": 300}
{"base_lr": 0.0001, "lr": 0.0001, "data_time": 0.00434607982635498, "grad_norm": 200.30608306884767, "loss": 12.910988941192628, "loss_cls": 1.1740705013275146, "loss_bbox": 1.9349947476387024, "loss_iou": 1.207214350104332, "d0.loss_cls": 1.2024010741710662, "d0.loss_bbox": 1.9072074675559998, "d0.loss_iou": 1.1999620562791824, "d1.loss_cls": 1.1922437179088592, "d1.loss_bbox": 1.9078270614147186, "d1.loss_iou": 1.1850681310892106, "time": 0.15666817665100097, "epoch": 1, "iter": 350, "memory": 5755, "step": 350}
{"base_lr": 0.0001, "lr": 0.0001, "data_time": 0.004251718521118164, "grad_norm": 176.03972091674805, "loss": 12.254459857940674, "loss_cls": 1.1536968445777893, "loss_bbox": 1.8673324179649353, "loss_iou": 1.17489328622818, "d0.loss_cls": 1.1671739637851715, "d0.loss_bbox": 1.765710963010788, "d0.loss_iou": 1.1309814471006394, "d1.loss_cls": 1.1447657752037048, "d1.loss_bbox": 1.7152951788902282, "d1.loss_iou": 1.1346100640296937, "time": 0.16392120361328125, "epoch": 1, "iter": 400, "memory": 6278, "step": 400}
{"base_lr": 0.0001, "lr": 0.0001, "data_time": 0.00419647216796875, "grad_norm": 173.06890426635744, "loss": 11.932247400283813, "loss_cls": 1.1502654933929444, "loss_bbox": 1.6934334194660188, "loss_iou": 1.1149813169240952, "d0.loss_cls": 1.1712304854393005, "d0.loss_bbox": 1.7096191847324371, "d0.loss_iou": 1.135917650461197, "d1.loss_cls": 1.1450856304168702, "d1.loss_bbox": 1.689055197238922, "d1.loss_iou": 1.1226590263843537, "time": 0.1675745964050293, "epoch": 1, "iter": 450, "memory": 5849, "step": 450}
{"base_lr": 0.0001, "lr": 0.0001, "data_time": 0.004273848533630371, "grad_norm": 158.88437835693358, "loss": 12.809883899688721, "loss_cls": 1.2069685685634612, "loss_bbox": 1.8594149041175843, "loss_iou": 1.1831834399700165, "d0.loss_cls": 1.224869556427002, "d0.loss_bbox": 1.862408196926117, "d0.loss_iou": 1.1858980238437653, "d1.loss_cls": 1.1918245780467986, "d1.loss_bbox": 1.8919415497779846, "d1.loss_iou": 1.2033749985694886, "time": 0.16838864326477052, "epoch": 1, "iter": 500, "memory": 6149, "step": 500}
{"base_lr": 0.0001, "lr": 0.0001, "data_time": 0.004303016662597656, "grad_norm": 187.80575439453125, "loss": 12.392089366912842, "loss_cls": 1.184240095615387, "loss_bbox": 1.7368513822555542, "loss_iou": 1.1729261481761932, "d0.loss_cls": 1.2208666038513183, "d0.loss_bbox": 1.7995144844055175, "d0.loss_iou": 1.1759652173519135, "d1.loss_cls": 1.1990479385852815, "d1.loss_bbox": 1.7300279223918915, "d1.loss_iou": 1.17264935195446, "time": 0.16272220134735108, "epoch": 1, "iter": 550, "memory": 5700, "step": 550}
{"base_lr": 0.0001, "lr": 0.0001, "data_time": 0.004136433601379394, "grad_norm": 154.6801773071289, "loss": 12.122879476547242, "loss_cls": 1.1357450473308563, "loss_bbox": 1.7363692665100097, "loss_iou": 1.1731523722410202, "d0.loss_cls": 1.176001214981079, "d0.loss_bbox": 1.7536612200736998, "d0.loss_iou": 1.1496221125125885, "d1.loss_cls": 1.1372540032863616, "d1.loss_bbox": 1.712528624534607, "d1.loss_iou": 1.148545731306076, "time": 0.1631643009185791, "epoch": 1, "iter": 600, "memory": 5588, "step": 600}
{"base_lr": 0.0001, "lr": 0.0001, "data_time": 0.004200515747070313, "grad_norm": 165.46862548828125, "loss": 11.189015445709229, "loss_cls": 1.0531172895431518, "loss_bbox": 1.6004263329505921, "loss_iou": 1.0369414550065994, "d0.loss_cls": 1.0954765176773071, "d0.loss_bbox": 1.649542053937912, "d0.loss_iou": 1.0284064495563507, "d1.loss_cls": 1.0633701574802399, "d1.loss_bbox": 1.6272489631175995, "d1.loss_iou": 1.0344860988855362, "time": 0.16571545124053955, "epoch": 1, "iter": 650, "memory": 6599, "step": 650}
{"base_lr": 0.0001, "lr": 0.0001, "data_time": 0.004274225234985352, "grad_norm": 155.95447998046876, "loss": 12.121024169921874, "loss_cls": 1.0988583755493164, "loss_bbox": 1.6966521418094636, "loss_iou": 1.1641663813591003, "d0.loss_cls": 1.1461406135559082, "d0.loss_bbox": 1.7620014297962188, "d0.loss_iou": 1.1734641432762145, "d1.loss_cls": 1.1149230647087096, "d1.loss_bbox": 1.7756562805175782, "d1.loss_iou": 1.1891617131233216, "time": 0.16599660873413086, "epoch": 1, "iter": 700, "memory": 5761, "step": 700}
{"base_lr": 0.0001, "lr": 0.0001, "data_time": 0.0041777420043945315, "grad_norm": 134.8699673461914, "loss": 11.73096981048584, "loss_cls": 1.1255336570739747, "loss_bbox": 1.6851355981826783, "loss_iou": 1.1137264633178712, "d0.loss_cls": 1.154601445198059, "d0.loss_bbox": 1.6433773851394653, "d0.loss_iou": 1.1201675415039063, "d1.loss_cls": 1.1266940903663636, "d1.loss_bbox": 1.640234293937683, "d1.loss_iou": 1.1214994025230407, "time": 0.16114898204803466, "epoch": 1, "iter": 750, "memory": 6803, "step": 750}
{"base_lr": 0.0001, "lr": 0.0001, "data_time": 0.004175882339477539, "grad_norm": 149.99246322631836, "loss": 11.62215428352356, "loss_cls": 1.1569672214984894, "loss_bbox": 1.6114576709270478,