{"base_lr": 0.0001, "lr": 0.0001, "data_time": 0.003622641563415527, "grad_norm": 103.18329284667969, "loss": 16.264561405181883, "loss_cls": 0.8613762295246125, "loss_bbox": 1.0730343508720397, "loss_iou": 0.767184325158596, "d0.loss_cls": 0.8786260890960693, "d0.loss_bbox": 1.104124791622162, "d0.loss_iou": 0.7850358554720879, "d1.loss_cls": 0.8743307733535767, "d1.loss_bbox": 1.1213129043579102, "d1.loss_iou": 0.8090272471308708, "d2.loss_cls": 0.8752988123893738, "d2.loss_bbox": 1.0522688621282577, "d2.loss_iou": 0.7701673349738121, "d3.loss_cls": 0.8662611067295074, "d3.loss_bbox": 1.0630534398555755, "d3.loss_iou": 0.7439253459870815, "d4.loss_cls": 0.8570842802524566, "d4.loss_bbox": 1.0337744098901749, "d4.loss_iou": 0.7286755898594857, "time": 0.13608107566833497, "epoch": 43, "iter": 121778, "memory": 3684, "_timestamp": 1692058538.527937, "_runtime": 20806.116684913635, "_step": 2469, "pascal_voc/mAP": 0.004545454867184162, "pascal_voc/AP50": 0.005, "_wandb": {"runtime": 20809}}